<?xml version="1.0" encoding="UTF-8" standalone="yes"?>
<manifestInformation>
    <senderName>GCD</senderName>
    <receiverName>SE Customs</receiverName>
    <EDITransmissionRefNumber>EXP000000039</EDITransmissionRefNumber>
    <messageType>EXP</messageType>
    <messageDateTime>2020-06-18T12:00:39.017Z</messageDateTime>
    <version>2.0</version>
    <headerVesselManifest>
        <messageFunction>ORI</messageFunction>
        <messageReference>EXP1592481639017</messageReference>
        <previousMessageReference>EXP1591878883007</previousMessageReference>
        <sendersReferenceNumber>SEEXP-V1EHVWJHS6ENFD5CH5P6EG</sendersReferenceNumber>
        <sendersReferenceDateTime>2020-04-08T12:23:48</sendersReferenceDateTime>
        <vesselCode>0YF</vesselCode>
        <vesselName>KATHARINA SCHEPERS</vesselName>
        <imoNumber>9584865</imoNumber>
        <regCountryCode>    </regCountryCode>
        <flagCountryCode>AG</flagCountryCode>
        <flagCountryName>Antigua and Barbuda                 </flagCountryName>
        <callSign>5BNZ3     </callSign>
        <voyageNumber>011E</voyageNumber>
        <loadPort>SEAGH01</loadPort>
        <receiverPort>SEAGH01</receiverPort>
        <receiverPortDateTime>2020-03-17T12:00:00</receiverPortDateTime>
        <receiverPortDateTimeType>EST</receiverPortDateTimeType>
        <vesselArrivalPort>SEAGH01</vesselArrivalPort>
        <vesselArrivalPortDateTime>2020-03-17T12:00:00</vesselArrivalPortDateTime>
        <vslOperatorSCAC>UNI</vslOperatorSCAC>
    </headerVesselManifest>
    <additionalInformationVesselManifest>
        <vesselCallSequence>
            <portOfCall>DKAARPT</portOfCall>
            <sequenceOfCall>-1</sequenceOfCall>
        </vesselCallSequence>
        <vesselCallSequence>
            <portOfCall>SEAGH01</portOfCall>
            <sequenceOfCall>0</sequenceOfCall>
        </vesselCallSequence>
        <vesselCallSequence>
            <portOfCall>SEHAD01</portOfCall>
            <sequenceOfCall>1</sequenceOfCall>
        </vesselCallSequence>
    </additionalInformationVesselManifest>
    <detailConsignmentVesselManifest>
        <bolSequence>8</bolSequence>
        <cargoCarriersSCAC>MAEU</cargoCarriersSCAC>
        <billType>TPDoc, negotiable, received for shipment</billType>
        <bolNumber>GCS000035</bolNumber>
        <masterIndicator>Y</masterIndicator>
        <masterBoLNumber>GCS000035</masterBoLNumber>
        <cargoClassification>TBD</cargoClassification>
        <serviceMode>CY/CY</serviceMode>
        <customersHouseBillNo></customersHouseBillNo>
        <loadPort>SEAGH01</loadPort>
        <loadPortArrDateTime>2020-03-17T12:00:00</loadPortArrDateTime>
        <loadPortArrDateTimeType>EST</loadPortArrDateTimeType>
        <loadPortDepDateTime>2020-03-17T21:00:00</loadPortDepDateTime>
        <loadPortDepDateTimeType>EST</loadPortDepDateTimeType>
        <dischargePort>SEGOT01</dischargePort>
        <dischPortArrDateTime>2020-03-19T00:30:00</dischPortArrDateTime>
        <dischPortArrDateTimeType>EST</dischPortArrDateTimeType>
        <dischPortDepDateTime>2020-03-19T11:30:00</dischPortDepDateTime>
        <dischPortDepDateTimeType>EST</dischPortDepDateTimeType>
        <cargoPlaceofReceipt>GBFXSTM</cargoPlaceofReceipt>
        <cargoPlaceofReceiptName>TBD</cargoPlaceofReceiptName>
        <cargoPlaceofDelivery>INJHTIG</cargoPlaceofDelivery>
        <cargoPlaceofDeliveryName>TBD</cargoPlaceofDeliveryName>
        <nextPortofUnloading>SEGOT01</nextPortofUnloading>
        <freightPaymentMethod>Prepaid</freightPaymentMethod>
        <billLevelCargoDescription>All cargo is safely packed</billLevelCargoDescription>
        <billLevelMarksNos>We have 4 cargo line and multiple packages</billLevelMarksNos>
        <billLevelpackageKind>TBD</billLevelpackageKind>
        <transportDocumentParty>
            <typeOfParty>SH</typeOfParty>
            <partyTradingName>MAINFREIGHT INTERNATIONAL PTY LTD</partyTradingName>
            <partyStreetName>BOTANY RD</partyStreetName>
            <partyAptSuiteFloor>1767</partyAptSuiteFloor>
            <partyCityName>BANKSMEADOW</partyCityName>
            <partyRegion>BANKSMEADOW</partyRegion>
            <partyPostCode>2019</partyPostCode>
            <partyCountryCode>AU</partyCountryCode>
            <partyTaxRegType>TAXNO1</partyTaxRegType>
            <partyTaxRegNumber>65 007 252 333</partyTaxRegNumber>
            <partyDocAddress>BHARAT HEAVY ELECTRICALS LTD&#xD;
14-15TH FLOOR, WORLD TRADE CENTRE&#xD;
MUMBAI 400005&#xD;
Mumbai&#xD;
400005&#xD;
27&#xD;
India</partyDocAddress>
        </transportDocumentParty>
        <transportDocumentParty>
            <typeOfParty>CN</typeOfParty>
            <partyTradingName>MAINFREIGHT INTERNATIONAL PTY LTD</partyTradingName>
            <partyStreetName>BOTANY RD</partyStreetName>
            <partyAptSuiteFloor>1767</partyAptSuiteFloor>
            <partyCityName>BANKSMEADOW</partyCityName>
            <partyRegion>BANKSMEADOW</partyRegion>
            <partyPostCode>2019</partyPostCode>
            <partyCountryCode>AU</partyCountryCode>
            <partyTaxRegType>TAXNO1</partyTaxRegType>
            <partyTaxRegNumber>65 007 252 333</partyTaxRegNumber>
            <partyDocAddress>BHARAT HEAVY ELECTRICALS LTD&#xD;
14-15TH FLOOR, WORLD TRADE CENTRE&#xD;
MUMBAI 400005&#xD;
Mumbai&#xD;
400005&#xD;
27&#xD;
India</partyDocAddress>
        </transportDocumentParty>
        <detailVesselManifest>
            <emptyContainerYesNo>NO</emptyContainerYesNo>
            <intlHarmonisedCode>440044</intlHarmonisedCode>
            <intlHarmonisedCodeDesc>TBD</intlHarmonisedCodeDesc>
            <dangerousCargoYesNo>N</dangerousCargoYesNo>
            <cargoAdditional>BOX, Carton, Bubble Warap</cargoAdditional>
            <cargoDetailInformation>
                <consignmentItemSeqNumber>0</consignmentItemSeqNumber>
                <pieceCount>1</pieceCount>
                <cargoWeightKgs>1000.000</cargoWeightKgs>
                <cargoVolumeCbm>1200.0000</cargoVolumeCbm>
                <cargoLineSequence>1</cargoLineSequence>
                <cargoLineCustomsRef>TBD</cargoLineCustomsRef>
            </cargoDetailInformation>
        </detailVesselManifest>
        <detailVesselManifest>
            <emptyContainerYesNo>NO</emptyContainerYesNo>
            <intlHarmonisedCode>110011</intlHarmonisedCode>
            <intlHarmonisedCodeDesc>TBD</intlHarmonisedCodeDesc>
            <dangerousCargoYesNo>N</dangerousCargoYesNo>
            <cargoAdditional>BOX, Carton, Bubble Warap</cargoAdditional>
            <cargoDetailInformation>
                <consignmentItemSeqNumber>0</consignmentItemSeqNumber>
                <pieceCount>1</pieceCount>
                <cargoWeightKgs>1000.000</cargoWeightKgs>
                <cargoVolumeCbm>1000.0000</cargoVolumeCbm>
                <cargoLineSequence>2</cargoLineSequence>
                <cargoLineCustomsRef>TBD</cargoLineCustomsRef>
            </cargoDetailInformation>
        </detailVesselManifest>
        <detailVesselManifest>
            <emptyContainerYesNo>NO</emptyContainerYesNo>
            <intlHarmonisedCode>220022</intlHarmonisedCode>
            <intlHarmonisedCodeDesc>TBD</intlHarmonisedCodeDesc>
            <dangerousCargoYesNo>N</dangerousCargoYesNo>
            <cargoAdditional>BOX, Carton, Bubble Warap</cargoAdditional>
            <cargoDetailInformation>
                <consignmentItemSeqNumber>0</consignmentItemSeqNumber>
                <pieceCount>10</pieceCount>
                <cargoWeightKgs>1000.000</cargoWeightKgs>
                <cargoVolumeCbm>1000.0000</cargoVolumeCbm>
                <cargoLineSequence>3</cargoLineSequence>
                <cargoLineCustomsRef>TBD</cargoLineCustomsRef>
            </cargoDetailInformation>
        </detailVesselManifest>
        <detailVesselManifest>
            <emptyContainerYesNo>NO</emptyContainerYesNo>
            <intlHarmonisedCode>330033</intlHarmonisedCode>
            <intlHarmonisedCodeDesc>TBD</intlHarmonisedCodeDesc>
            <dangerousCargoYesNo>N</dangerousCargoYesNo>
            <cargoAdditional>BOX, Carton, Bubble Warap</cargoAdditional>
            <cargoDetailInformation>
                <consignmentItemSeqNumber>0</consignmentItemSeqNumber>
                <pieceCount>1</pieceCount>
                <cargoWeightKgs>1000.000</cargoWeightKgs>
                <cargoVolumeCbm>1000.0000</cargoVolumeCbm>
                <cargoLineSequence>4</cargoLineSequence>
                <cargoLineCustomsRef>TBD</cargoLineCustomsRef>
            </cargoDetailInformation>
        </detailVesselManifest>
        <equipment>
            <equipmentSeqNumber>1</equipmentSeqNumber>
            <containerNumber>IJURN5U1G09KB</containerNumber>
            <SOCEmptyYesNo>TBD</SOCEmptyYesNo>
            <shipperOwnedYesNo>Y</shipperOwnedYesNo>
            <tareWeightKgs>2020.000</tareWeightKgs>
            <containerSlotNumber>TBD</containerSlotNumber>
            <seal>
                <sealNumber>SEAL100</sealNumber>
                <sealType>Shipper Seal</sealType>
            </seal>
        </equipment>
        <equipment>
            <equipmentSeqNumber>2</equipmentSeqNumber>
            <containerNumber>UHWU4RU1G08KB</containerNumber>
            <SOCEmptyYesNo>TBD</SOCEmptyYesNo>
            <shipperOwnedYesNo>Y</shipperOwnedYesNo>
            <tareWeightKgs>2020.000</tareWeightKgs>
            <containerSlotNumber>TBD</containerSlotNumber>
            <seal>
                <sealNumber>R4401</sealNumber>
                <sealType>Veterinarian Seal</sealType>
            </seal>
        </equipment>
        <equipment>
            <equipmentSeqNumber>3</equipmentSeqNumber>
            <containerNumber>BSNTUUU1G09KB</containerNumber>
            <SOCEmptyYesNo>TBD</SOCEmptyYesNo>
            <shipperOwnedYesNo>Y</shipperOwnedYesNo>
            <tareWeightKgs>2960.000</tareWeightKgs>
            <containerSlotNumber>TBD</containerSlotNumber>
            <seal>
                <sealNumber>900200</sealNumber>
                <sealType>Veterinarian Seal</sealType>
            </seal>
        </equipment>
        <routeInformation>
            <modeOfTransport>MVS</modeOfTransport>
            <vesselCode>0YF</vesselCode>
            <vslFlag>AG</vslFlag>
            <vslBuiltCountry>                                    </vslBuiltCountry>
            <vslCallSign>5BNZ3     </vslCallSign>
            <arrivalVoyageNo>011E</arrivalVoyageNo>
            <depVoyageNo>012W</depVoyageNo>
            <routePoints>
                <frobIndicator>N</frobIndicator>
                <routePoint>SEAGH01</routePoint>
                <routePointETA>2020-03-17T12:00:00</routePointETA>
                <routePointETD>2020-03-17T21:00:00</routePointETD>
            </routePoints>
            <routePoints>
                <frobIndicator>Y</frobIndicator>
                <routePoint>SEHAD01</routePoint>
                <routePointETA>2020-03-18T01:00:00</routePointETA>
                <routePointETD>2020-03-18T12:30:00</routePointETD>
            </routePoints>
            <routePoints>
                <frobIndicator>Y</frobIndicator>
                <routePoint>SEGOT01</routePoint>
                <routePointETA>2020-03-19T00:30:00</routePointETA>
                <routePointETD>2020-03-19T11:30:00</routePointETD>
            </routePoints>
        </routeInformation>
    </detailConsignmentVesselManifest>
</manifestInformation>
